Sl. No,Name of Incident,Date,Month,Year,Country,Type of Event,Place Name,Impact,Affected Population,Important Person/Group Responsible,Is Good News
19,Kargil War,Unknown,May,1999,India,Military Conflict,"Kargil, Ladakh",India regained control of Kargil; heightened patriotism,Indian Armed Forces,"Indian Government, Pakistani Military",True
31,Economic Reforms and Liberalization,Unknown,July,1991,India,Economic Policy,India,Opening of the Indian economy to global markets and investors,"Indian businesses, workers","Manmohan Singh, P.V. Narasimha Rao",True
111,Motorway Network Development,Unknown,Unknown,1997,Pakistan,Infrastructure,Nationwide,Development of a network of motorways to improve transportation and trade.,Pakistani citizens,Government of Pakistan,True
117,Pakistan's First Satellite Launch,16,July,1990,Pakistan,Space Exploration,"Xichang, China","Launch of BadrUnknown1, Pakistan's first indigenously developed and manufactured satellite.",Pakistani scientific community,SUPARCO,True
119,National Database and Registration Authority (NADRA) Establishment,1998,Unknown,1998,Pakistan,Government Agency,Islamabad,Established to maintain a secure and efficient national identity system.,Pakistani citizens,Government of Pakistan,True
176,Deng Xiaoping's Southern Tour,Unknown,Unknown,1992,China,Economic Reform,Southern China,"Reaffirmed the commitment to economic reforms and openingUnknownup policies, leading to rapid economic growth.",Chinese citizens,Deng Xiaoping,True
249,Dissolution of the Soviet Union,26,December,1991,USSR,Political,Soviet Union,"Marked the end of the Soviet Union and the emergence of 15 independent republics, including Russia.",Citizens of former USSR,"Mikhail Gorbachev, Boris Yeltsin",True
250,Boris Yeltsin Elected as First President of Russia,12,June,1991,Russia,Political,Russia,Signified the transition towards democratic governance and market economics in postUnknownSoviet Russia.,Russian citizens,Boris Yeltsin,True
302,Japan's Apology for WWII Aggressions,15,August,1995,Japan,Diplomatic Statement,Japan,Prime Minister Tomiichi Murayama issued a formal apology for Japan's wartime aggressions.,Asian neighbors,Tomiichi Murayama (Prime Minister),True
303,Kyoto Protocol on Climate Change,11,December,1997,Japan,International Agreement,Kyoto,"An international treaty committing its parties to reduce greenhouse gas emissions, based on the premise of global warming.",Global community,International participants,True
331,Mabo v Queensland Decision,3,June,1992,Australia,Legal Land Rights,High Court of Australia,"Recognized Native Title in Australia, overturning the doctrine of terra nullius and acknowledging Indigenous land rights.",Indigenous Australians,"Eddie Mabo, High Court of Australia",True
347,Mabo Decision by the High Court,3,June,1992,Australia,Legal Land Rights,Australia,"Recognized native title in Australia, overturning the doctrine of terra nullius.",Indigenous Australians,"Eddie Mabo, High Court of Australia",True
383,Resource Management Act Enacted,Unknown,Unknown,1991,New Zealand,Environmental Legislation,New Zealand,"Provided a framework for managing New Zealand's natural and physical resources, emphasizing sustainability.",New Zealanders,New Zealand Government,True
388,New Zealand's First Female Prime Minister,5,December,1997,New Zealand,Political Milestone,New Zealand,"Jenny Shipley became the first female Prime Minister, marking a significant moment in New Zealand's political history.",New Zealanders,Jenny Shipley,True
391,MMP Electoral System Introduced,Unknown,Unknown,1993,New Zealand,Electoral Reform,New Zealand,"Changed the electoral system to Mixed Member Proportional, aiming for fairer representation in Parliament.",New Zealand voters,New Zealand Government,True
392,New Zealand Signs Kyoto Protocol,Unknown,Unknown,1998,New Zealand,International Agreement,"Kyoto, Japan","Committed New Zealand to reducing greenhouse gas emissions, aligning with global efforts to combat climate change.",New Zealanders,New Zealand Government,True
394,New Zealand Bill of Rights Act,Unknown,Unknown,1990,New Zealand,Legal Framework,New Zealand,"Affirmed rights and freedoms in New Zealand law, providing comprehensive protection of human rights.",New Zealanders,New Zealand Government,True
428,Kim DaeUnknownjung’s Sunshine Policy,Unknown,Unknown,1990,South Korea,Diplomatic Policy,Korean Peninsula,"A policy of engagement with North Korea, leading to a brief period of improved interUnknownKorean relations.",Koreans,Kim DaeUnknownjung,True
446,Normalization of USUnknownVietnam Relations,11,July,1995,Vietnam,Diplomatic,"Vietnam, US","Marked the normalization of relations between Vietnam and the US, including the opening of diplomatic and economic ties.","Vietnamese, Americans","Bill Clinton, Vietnamese Government",True
447,Vietnam Joins ASEAN,28,July,1995,Vietnam,International Integration,Southeast Asia,"Vietnam's accession to ASEAN, enhancing regional cooperation and integration.",Vietnamese people,"ASEAN, Vietnamese Government",True
532,Elected Presidency Introduced,30,November,1991,Singapore,Political Reform,Singapore,Introduction of a directly elected President with custodial powers over national reserves,Singaporean citizens,Singaporean Government,True
613,Independence from the Soviet Union,16,December,1991,Kazakhstan,Independence,From Almaty to Astana,Kazakhstan declares sovereignty as the Soviet Union collapses.,Kazakh citizens,Nursultan Nazarbayev,True
614,Capital Moved to Astana,Unknown,Unknown,1997,Uzbekistan,Administrative Change,Astana,Moving the capital was aimed at political and economic development.,Kazakh citizens,Nursultan Nazarbayev,True
615,Independence from the Soviet Union,1,September,1991,Uzbekistan,Independence,Uzbekistan,Uzbekistan declares independence following the dissolution of the Soviet Union.,Uzbek citizens,Unknown,True
617,Introduction of Television,Unknown,June,1999,Bhutan,Cultural Change,Bhutan,"Marking the end of Bhutan's isolation, introduction of television and the internet.",Bhutanese citizens,Jigme Singye Wangchuck,True
736,NAFTA Agreement Signed,17,December,1992,Canada,Economic,Ottawa,North American Free Trade Agreement altered trade relations with the U.S. and Mexico.,Canadian businesses,Brian Mulroney,True
743,Establishment of Nunavut,1,April,1999,Canada,Political,Northern Canada,"Creation of Nunavut as a territory, acknowledging Inuit selfUnknowngovernance.",Inuit population,"Canadian Government, Inuit leaders",True
759,Establishment of Nunavut,1,April,1999,Canada,Political,Northern Canada,Creation of Nunavut provided a separate territory for the Inuit people.,Inuit population,Canadian Government,True
778,Good Friday Agreement,10,April,1998,UK,Peace Process,Northern Ireland,Ended most of the violence of the Troubles,Northern Irish population,UK and Irish Governments,True
786,First Human DNA Sequencing,10,May,1997,UK,Scientific,Aldermaston,Significant advancement in genetics and medicine,Global scientific community,Frederick Sanger,True
787,Scottish Devolution Referendum,11,September,1997,UK,Political,Scotland,Established a devolved Scottish Parliament,Scottish population,UK Government,True
806,First Cloned Mammal Unknown Dolly the Sheep,5,July,1996,UK,Scientific,Roslin Institute,Advancement in cloning technology,Scientific community,Ian Wilmut and team,True
855,Introduction of the Euro,1,January,1999,France,Economic,Paris,Adoption of the Euro as currency,European Union members,French Government,True
880,Mani Pulite (Clean Hands) Investigation Begins,17,February,1992,Italy,Corruption Investigation,Milan,Exposure of widespread political corruption,Italian political class,Italian judiciary,True
910,Barcelona Olympics,25,July,1992,Spain,International Event,Barcelona,Showcased Spain on the global stage,"International, Spanish population","International Olympic Committee, Spanish Government",True
926,Launch of AVE HighUnknownSpeed Train,21,April,1992,Spain,Infrastructure,Between MadridUnknownSeville,Modernized Spain's transport system,"Spanish population, travelers",Spanish Government,True
983,Independence from South Africa,21,March,1990,Namibia,Independence,Namibia,End of South African rule and apartheid in Namibia.,Namibians,"SWAPO, United Nations",True
1005,Independence from Ethiopia,24,May,1993,Eritrea,Independence,Eritrea,"Achieved de facto independence after a 30Unknownyear war, followed by a UNUnknownsupervised referendum.",Eritreans,"EPLF, UN",True
1006,Nelson Mandela's Release from Prison,11,February,1990,South Africa,Political,South Africa,Marked the beginning of the end of apartheid.,South Africans,"F.W. de Klerk, ANC",True
1007,Signing of Arusha Accords,4,August,1993,Rwanda,Peace Agreement,"Arusha, Tanzania",Attempted to end the Rwandan Civil War.,Rwandans,"Rwandan Government, RPF",True
1035,Movement for Multiparty Democracy,Unknown,Unknown,1991,Zambia,Political,Zambia,Transition from oneUnknownparty state to multiparty democracy.,Zambians,Frederick Chiluba,True
1036,Mozambique Civil War Ends,4,October,1992,Mozambique,Peace Agreement,"Rome, Italy","End of a devastating civil war, leading to peace and reconstruction.",Mozambicans,"Joaquim Chissano, RENAMO",True
1037,End of Apartheid,27,April,1994,South Africa,General Elections,South Africa,"First democratic elections open to all races, Nelson Mandela elected.",South Africans,"Nelson Mandela, ANC",True
1038,Eritrean Independence Referendum,23Unknown25,April,1993,Ethiopia,Referendum,Eritrea,Eritreans vote for independence from Ethiopia.,Eritreans,"EPLF, UN",True
1039,Namibian Independence,21,March,1990,Namibia,Independence,Namibia,Independence from South African rule.,Namibians,"Sam Nujoma, UN",True
1072,Real Plan Implementation,1,July,1994,Brazil,Economic,Brazil,Stabilization of Brazilian economy and introduction of the Real (R$),Brazilian economy,Itamar Franco,True
1077,Fernando Collor's Impeachment,29,December,1992,Brazil,Political,Brazil,First Brazilian president to be impeached due to corruption charges,Brazilian population,National Congress,True
1078,Plano Real Economic Stabilization,1,July,1994,Brazil,Economic,Brazil,Introduction of the Real (R$) to stabilize the Brazilian economy,Brazilian economy,Itamar Franco,True
1079,Rio Earth Summit,Unknown,June,1992,Brazil,Environmental,Rio de Janeiro,International conference on environment and sustainability,Global population,UN,True
1080,FHC Presidency (Fernando Henrique Cardoso),1,January,1995,Brazil,Political,Brazil,Implementation of economic reforms and Plano Real,Brazilian population,Fernando Henrique Cardoso,True
1116,German Reunification,Unknown,October,1990,Germany,Political,Germany,Reunification of East and West Germany into a single German state,Helmut Kohl,Mikhail Gorbachev,True
1117,Treaty on the Final Settlement with Respect to Germany,Unknown,September,1990,Germany,Political,Moscow,Ended the Four Power rights and responsibilities for Germany and Berlin paving the way for German reunification,Germans,Two Plus Four Agreement negotiators,True
1118,Establishment of the European,Unknown,February,1992,Germany,Political,Maastricht,The Maastricht Treaty laid the foundation for further European integration,Europeans,European Community members,True
